{
  "Packages": [
    {
      "Package": {
        "Id": "BalaReva.DataTable.Activities",
        "Version": "2.0.2"
      },
      "Assemblies": [
        "C:\\Users\\REVATHISADAGOPURAM\\.nuget\\packages\\balareva.datatable.activities/2.0.2\\lib/DataTableExtensions.Activities.dll",
        "C:\\Users\\REVATHISADAGOPURAM\\.nuget\\packages\\balareva.datatable.activities/2.0.2\\lib/DataTableGroup.Design.dll"
      ],
      "Path": "C:\\Users\\REVATHISADAGOPURAM\\.nuget\\packages\\balareva.datatable.activities\\2.0.2"
    },
    {
      "Package": {
        "Id": "BalaReva.Excel.Activities",
        "Version": "2020.2.0"
      },
      "Assemblies": [
        "C:\\Users\\REVATHISADAGOPURAM\\.nuget\\packages\\balareva.excel.activities/2020.2.0\\lib/BalaReva.Excel.Base.dll",
        "C:\\Users\\REVATHISADAGOPURAM\\.nuget\\packages\\balareva.excel.activities/2020.2.0\\lib/BalaReva.Excel.Design.dll",
        "C:\\Users\\REVATHISADAGOPURAM\\.nuget\\packages\\balareva.excel.activities/2020.2.0\\lib/BalaReva.Excel.Utilities.dll",
        "C:\\Users\\REVATHISADAGOPURAM\\.nuget\\packages\\balareva.excel.activities/2020.2.0\\lib/BalaReva.Excel.dll",
        "C:\\Users\\REVATHISADAGOPURAM\\.nuget\\packages\\microsoft.office.interop.excel/15.0.4795.1000\\lib/net20/Microsoft.Office.Interop.Excel.dll",
        "C:\\Users\\REVATHISADAGOPURAM\\.nuget\\packages\\microsoftofficecore/15.0.0\\lib/net35/Office.dll"
      ],
      "Path": "C:\\Users\\REVATHISADAGOPURAM\\.nuget\\packages\\balareva.excel.activities\\2020.2.0"
    },
    {
      "Package": {
        "Id": "BalaReva.PDF.Activities",
        "Version": "[2019.3.0]"
      },
      "Assemblies": [],
      "Path": null
    },
    {
      "Package": {
        "Id": "CloudRail.Google.Drive.Api",
        "Version": "1.0.6"
      },
      "Assemblies": [
        "C:\\Users\\REVATHISADAGOPURAM\\.nuget\\packages\\cloudrail.google.drive.api/1.0.6\\lib/CloudrailSI.dll",
        "C:\\Users\\REVATHISADAGOPURAM\\.nuget\\packages\\newtonsoft.json/12.0.3\\lib/net45/Newtonsoft.Json.dll",
        "C:\\Users\\REVATHISADAGOPURAM\\.nuget\\packages\\openssl.privatekeydecoder/1.2.0\\lib/net45/OpenSSL.PrivateKeyDecoder.dll",
        "C:\\Users\\REVATHISADAGOPURAM\\.nuget\\packages\\openssl.x509certificate2.provider/1.2.0\\lib/net45/OpenSSL.X509Certificate2.Provider.dll"
      ],
      "Path": "C:\\Users\\REVATHISADAGOPURAM\\.nuget\\packages\\cloudrail.google.drive.api\\1.0.6"
    },
    {
      "Package": {
        "Id": "EpsilonAI.PDFReader.Activities",
        "Version": "1.0.0"
      },
      "Assemblies": [
        "C:\\Users\\REVATHISADAGOPURAM\\.nuget\\packages\\epsilonai.pdfreader.activities/1.0.0\\lib/net461/EpsilonAI.PDFReader.Activities.dll",
        "C:\\Users\\REVATHISADAGOPURAM\\.nuget\\packages\\epsilonai.pdfreader.activities/1.0.0\\lib/net461/PDFReader.dll",
        "C:\\Users\\REVATHISADAGOPURAM\\.nuget\\packages\\magick.net-q16-anycpu/7.14.5\\lib/net40/Magick.NET-Q16-AnyCPU.dll",
        "C:\\Users\\REVATHISADAGOPURAM\\.nuget\\packages\\newtonsoft.json/12.0.3\\lib/net45/Newtonsoft.Json.dll"
      ],
      "Path": "C:\\Users\\REVATHISADAGOPURAM\\.nuget\\packages\\epsilonai.pdfreader.activities\\1.0.0"
    },
    {
      "Package": {
        "Id": "Esoptra.GoogleDrive",
        "Version": "1.0.3"
      },
      "Assemblies": [],
      "Path": "C:\\Users\\REVATHISADAGOPURAM\\.nuget\\packages\\esoptra.googledrive\\1.0.3"
    },
    {
      "Package": {
        "Id": "FestSystems.PDFtoExcel.Activities",
        "Version": "1.0.1"
      },
      "Assemblies": [
        "C:\\Users\\REVATHISADAGOPURAM\\.nuget\\packages\\festsystems.pdftoexcel.activities/1.0.1\\lib/PDFExcelFile.dll"
      ],
      "Path": "C:\\Users\\REVATHISADAGOPURAM\\.nuget\\packages\\festsystems.pdftoexcel.activities\\1.0.1"
    },
    {
      "Package": {
        "Id": "Google.Apis.Drive.v3",
        "Version": "1.49.0.2072"
      },
      "Assemblies": [
        "C:\\Users\\REVATHISADAGOPURAM\\.nuget\\packages\\google.apis/1.49.0\\lib/net45/Google.Apis.PlatformServices.dll",
        "C:\\Users\\REVATHISADAGOPURAM\\.nuget\\packages\\google.apis/1.49.0\\lib/net45/Google.Apis.dll",
        "C:\\Users\\REVATHISADAGOPURAM\\.nuget\\packages\\google.apis.auth/1.49.0\\lib/net45/Google.Apis.Auth.PlatformServices.dll",
        "C:\\Users\\REVATHISADAGOPURAM\\.nuget\\packages\\google.apis.auth/1.49.0\\lib/net45/Google.Apis.Auth.dll",
        "C:\\Users\\REVATHISADAGOPURAM\\.nuget\\packages\\google.apis.core/1.49.0\\lib/net45/Google.Apis.Core.dll",
        "C:\\Users\\REVATHISADAGOPURAM\\.nuget\\packages\\google.apis.drive.v3/1.49.0.2072\\lib/net45/Google.Apis.Drive.v3.dll",
        "C:\\Users\\REVATHISADAGOPURAM\\.nuget\\packages\\newtonsoft.json/12.0.3\\lib/net45/Newtonsoft.Json.dll"
      ],
      "Path": "C:\\Users\\REVATHISADAGOPURAM\\.nuget\\packages\\google.apis.drive.v3\\1.49.0.2072"
    },
    {
      "Package": {
        "Id": "UiPath.Excel.Activities",
        "Version": "2.9.0-preview"
      },
      "Assemblies": [
        "C:\\Users\\REVATHISADAGOPURAM\\.nuget\\packages\\closedxml/0.87.1\\lib/net40/ClosedXML.dll",
        "C:\\Users\\REVATHISADAGOPURAM\\.nuget\\packages\\csvhelper/2.13.5\\lib/net40-client/CsvHelper.dll",
        "C:\\Users\\REVATHISADAGOPURAM\\.nuget\\packages\\documentformat.openxml/2.5.0\\lib/DocumentFormat.OpenXml.dll",
        "C:\\Users\\REVATHISADAGOPURAM\\.nuget\\packages\\microsoft.visualstudio.ole.interop/7.10.6071\\lib/Microsoft.VisualStudio.OLE.Interop.dll",
        "C:\\Users\\REVATHISADAGOPURAM\\.nuget\\packages\\npoi/2.4.1\\lib/net45/NPOI.OOXML.dll",
        "C:\\Users\\REVATHISADAGOPURAM\\.nuget\\packages\\npoi/2.4.1\\lib/net45/NPOI.OpenXml4Net.dll",
        "C:\\Users\\REVATHISADAGOPURAM\\.nuget\\packages\\npoi/2.4.1\\lib/net45/NPOI.OpenXmlFormats.dll",
        "C:\\Users\\REVATHISADAGOPURAM\\.nuget\\packages\\npoi/2.4.1\\lib/net45/NPOI.dll",
        "C:\\Users\\REVATHISADAGOPURAM\\.nuget\\packages\\sharpziplib/1.2.0\\lib/net45/ICSharpCode.SharpZipLib.dll",
        "C:\\Users\\REVATHISADAGOPURAM\\.nuget\\packages\\uipath.excel.activities/2.9.0-preview\\lib/net461/UiPath.Excel.Activities.Design.dll",
        "C:\\Users\\REVATHISADAGOPURAM\\.nuget\\packages\\uipath.excel.activities/2.9.0-preview\\lib/net461/UiPath.Excel.Activities.dll",
        "C:\\Users\\REVATHISADAGOPURAM\\.nuget\\packages\\uipath.excel.activities/2.9.0-preview\\lib/net461/UiPath.Excel.dll"
      ],
      "Path": "C:\\Users\\REVATHISADAGOPURAM\\.nuget\\packages\\uipath.excel.activities\\2.9.0-preview"
    },
    {
      "Package": {
        "Id": "UiPath.GSuite.Activities",
        "Version": "1.6.0"
      },
      "Assemblies": [
        "C:\\Users\\REVATHISADAGOPURAM\\.nuget\\packages\\bouncycastle/1.8.5\\lib/BouncyCastle.Crypto.dll",
        "C:\\Users\\REVATHISADAGOPURAM\\.nuget\\packages\\google.apis/1.49.0\\lib/net45/Google.Apis.PlatformServices.dll",
        "C:\\Users\\REVATHISADAGOPURAM\\.nuget\\packages\\google.apis/1.49.0\\lib/net45/Google.Apis.dll",
        "C:\\Users\\REVATHISADAGOPURAM\\.nuget\\packages\\google.apis.auth/1.49.0\\lib/net45/Google.Apis.Auth.PlatformServices.dll",
        "C:\\Users\\REVATHISADAGOPURAM\\.nuget\\packages\\google.apis.auth/1.49.0\\lib/net45/Google.Apis.Auth.dll",
        "C:\\Users\\REVATHISADAGOPURAM\\.nuget\\packages\\google.apis.calendar.v3/1.43.0.1872\\lib/net45/Google.Apis.Calendar.v3.dll",
        "C:\\Users\\REVATHISADAGOPURAM\\.nuget\\packages\\google.apis.core/1.49.0\\lib/net45/Google.Apis.Core.dll",
        "C:\\Users\\REVATHISADAGOPURAM\\.nuget\\packages\\google.apis.docs.v1/1.43.0.1869\\lib/net45/Google.Apis.Docs.v1.dll",
        "C:\\Users\\REVATHISADAGOPURAM\\.nuget\\packages\\google.apis.drive.v3/1.49.0.2072\\lib/net45/Google.Apis.Drive.v3.dll",
        "C:\\Users\\REVATHISADAGOPURAM\\.nuget\\packages\\google.apis.gmail.v1/1.43.0.1859\\lib/net45/Google.Apis.Gmail.v1.dll",
        "C:\\Users\\REVATHISADAGOPURAM\\.nuget\\packages\\google.apis.script.v1/1.43.0.1871\\lib/net45/Google.Apis.Script.v1.dll",
        "C:\\Users\\REVATHISADAGOPURAM\\.nuget\\packages\\google.apis.sheets.v4/1.43.0.1867\\lib/net45/Google.Apis.Sheets.v4.dll",
        "C:\\Users\\REVATHISADAGOPURAM\\.nuget\\packages\\microsoft.applicationinsights/2.3.0\\lib/net46/Microsoft.ApplicationInsights.dll",
        "C:\\Users\\REVATHISADAGOPURAM\\.nuget\\packages\\mimekit/2.5.1\\lib/net46/MimeKit.dll",
        "C:\\Users\\REVATHISADAGOPURAM\\.nuget\\packages\\newtonsoft.json/12.0.3\\lib/net45/Newtonsoft.Json.dll",
        "C:\\Users\\REVATHISADAGOPURAM\\.nuget\\packages\\nodatime/2.4.7\\lib/net45/NodaTime.dll",
        "C:\\Users\\REVATHISADAGOPURAM\\.nuget\\packages\\uipath.gsuite.activities/1.6.0\\lib/net461/UiPath.GSuite.Activities.Design.dll",
        "C:\\Users\\REVATHISADAGOPURAM\\.nuget\\packages\\uipath.gsuite.activities/1.6.0\\lib/net461/UiPath.GSuite.Activities.dll",
        "C:\\Users\\REVATHISADAGOPURAM\\.nuget\\packages\\uipath.gsuite.activities/1.6.0\\lib/net461/UiPath.GSuite.dll",
        "C:\\Users\\REVATHISADAGOPURAM\\.nuget\\packages\\uipath.gsuite.activities/1.6.0\\lib/net461/UiPath.Orchestrator.dll"
      ],
      "Path": "C:\\Users\\REVATHISADAGOPURAM\\.nuget\\packages\\uipath.gsuite.activities\\1.6.0"
    },
    {
      "Package": {
        "Id": "UiPath.Mail.Activities",
        "Version": "1.9.0-preview"
      },
      "Assemblies": [
        "C:\\Users\\REVATHISADAGOPURAM\\.nuget\\packages\\bouncycastle/1.8.5\\lib/BouncyCastle.Crypto.dll",
        "C:\\Users\\REVATHISADAGOPURAM\\.nuget\\packages\\interop.domino.dll/1.0.0\\lib/Interop.Domino.dll",
        "C:\\Users\\REVATHISADAGOPURAM\\.nuget\\packages\\microsoft.exchange.webservices/2.2.0\\lib/40/Microsoft.Exchange.WebServices.Auth.dll",
        "C:\\Users\\REVATHISADAGOPURAM\\.nuget\\packages\\microsoft.exchange.webservices/2.2.0\\lib/40/Microsoft.Exchange.WebServices.dll",
        "C:\\Users\\REVATHISADAGOPURAM\\.nuget\\packages\\microsoft.identity.client/4.14.0\\lib/net45/Microsoft.Identity.Client.dll",
        "C:\\Users\\REVATHISADAGOPURAM\\.nuget\\packages\\system.valuetuple/4.5.0\\lib/net461/System.ValueTuple.dll",
        "C:\\Users\\REVATHISADAGOPURAM\\.nuget\\packages\\uipath.mail.activities/1.9.0-preview\\lib/net461/MailKit.dll",
        "C:\\Users\\REVATHISADAGOPURAM\\.nuget\\packages\\uipath.mail.activities/1.9.0-preview\\lib/net461/MimeKit.dll",
        "C:\\Users\\REVATHISADAGOPURAM\\.nuget\\packages\\uipath.mail.activities/1.9.0-preview\\lib/net461/UiPath.Mail.Activities.Design.dll",
        "C:\\Users\\REVATHISADAGOPURAM\\.nuget\\packages\\uipath.mail.activities/1.9.0-preview\\lib/net461/UiPath.Mail.Activities.dll",
        "C:\\Users\\REVATHISADAGOPURAM\\.nuget\\packages\\uipath.mail.activities/1.9.0-preview\\lib/net461/UiPath.Mail.dll"
      ],
      "Path": "C:\\Users\\REVATHISADAGOPURAM\\.nuget\\packages\\uipath.mail.activities\\1.9.0-preview"
    },
    {
      "Package": {
        "Id": "UiPath.OmniPage.Activities",
        "Version": "1.6.1-preview"
      },
      "Assemblies": [
        "C:\\Users\\REVATHISADAGOPURAM\\.nuget\\packages\\newtonsoft.json/12.0.3\\lib/net45/Newtonsoft.Json.dll",
        "C:\\Users\\REVATHISADAGOPURAM\\.nuget\\packages\\uipath.ocr.contracts/2.7.1-preview\\lib/net461/UiPath.OCR.Contracts.dll",
        "C:\\Users\\REVATHISADAGOPURAM\\.nuget\\packages\\uipath.omnipage.activities/1.6.1-preview\\lib/net461/UiPath.OmniPage.Activities.Design.dll",
        "C:\\Users\\REVATHISADAGOPURAM\\.nuget\\packages\\uipath.omnipage.activities/1.6.1-preview\\lib/net461/UiPath.OmniPage.Activities.dll",
        "C:\\Users\\REVATHISADAGOPURAM\\.nuget\\packages\\uipath.omnipage.activities/1.6.1-preview\\lib/net461/UiPath.Vision.OmniPage.Core.dll",
        "C:\\Users\\REVATHISADAGOPURAM\\.nuget\\packages\\uipath.omnipage.activities/1.6.1-preview\\lib/net461/UiPath.Vision.OmniPage.dll",
        "C:\\Users\\REVATHISADAGOPURAM\\.nuget\\packages\\uipath.omnipage.bundle/1.0.2\\lib/net452/AppHelper.dll",
        "C:\\Users\\REVATHISADAGOPURAM\\.nuget\\packages\\uipath.omnipage.bundle/1.0.2\\lib/net452/AppProductConfig.dll",
        "C:\\Users\\REVATHISADAGOPURAM\\.nuget\\packages\\uipath.omnipage.bundle/1.0.2\\lib/net452/AppUtils.dll",
        "C:\\Users\\REVATHISADAGOPURAM\\.nuget\\packages\\uipath.omnipage.bundle/1.0.2\\lib/net452/Bnt.dll",
        "C:\\Users\\REVATHISADAGOPURAM\\.nuget\\packages\\uipath.omnipage.bundle/1.0.2\\lib/net452/CRX.dll",
        "C:\\Users\\REVATHISADAGOPURAM\\.nuget\\packages\\uipath.omnipage.bundle/1.0.2\\lib/net452/Defaults.dll",
        "C:\\Users\\REVATHISADAGOPURAM\\.nuget\\packages\\uipath.omnipage.bundle/1.0.2\\lib/net452/FireWrx2.dll",
        "C:\\Users\\REVATHISADAGOPURAM\\.nuget\\packages\\uipath.omnipage.bundle/1.0.2\\lib/net452/FireWrx3.dll",
        "C:\\Users\\REVATHISADAGOPURAM\\.nuget\\packages\\uipath.omnipage.bundle/1.0.2\\lib/net452/FireWrx4.dll",
        "C:\\Users\\REVATHISADAGOPURAM\\.nuget\\packages\\uipath.omnipage.bundle/1.0.2\\lib/net452/FireWrx5.dll",
        "C:\\Users\\REVATHISADAGOPURAM\\.nuget\\packages\\uipath.omnipage.bundle/1.0.2\\lib/net452/FireWrx6.dll",
        "C:\\Users\\REVATHISADAGOPURAM\\.nuget\\packages\\uipath.omnipage.bundle/1.0.2\\lib/net452/Firewrx.dll",
        "C:\\Users\\REVATHISADAGOPURAM\\.nuget\\packages\\uipath.omnipage.bundle/1.0.2\\lib/net452/Formatter.dll",
        "C:\\Users\\REVATHISADAGOPURAM\\.nuget\\packages\\uipath.omnipage.bundle/1.0.2\\lib/net452/ICDLLW32.dll",
        "C:\\Users\\REVATHISADAGOPURAM\\.nuget\\packages\\uipath.omnipage.bundle/1.0.2\\lib/net452/ICHUNW32.dll",
        "C:\\Users\\REVATHISADAGOPURAM\\.nuget\\packages\\uipath.omnipage.bundle/1.0.2\\lib/net452/IF_PNG.dll",
        "C:\\Users\\REVATHISADAGOPURAM\\.nuget\\packages\\uipath.omnipage.bundle/1.0.2\\lib/net452/KernelAPI.dll",
        "C:\\Users\\REVATHISADAGOPURAM\\.nuget\\packages\\uipath.omnipage.bundle/1.0.2\\lib/net452/LEditor.dll",
        "C:\\Users\\REVATHISADAGOPURAM\\.nuget\\packages\\uipath.omnipage.bundle/1.0.2\\lib/net452/LecsoMgr.dll",
        "C:\\Users\\REVATHISADAGOPURAM\\.nuget\\packages\\uipath.omnipage.bundle/1.0.2\\lib/net452/MiddleEarth.dll",
        "C:\\Users\\REVATHISADAGOPURAM\\.nuget\\packages\\uipath.omnipage.bundle/1.0.2\\lib/net452/Mor.dll",
        "C:\\Users\\REVATHISADAGOPURAM\\.nuget\\packages\\uipath.omnipage.bundle/1.0.2\\lib/net452/Mor2.dll",
        "C:\\Users\\REVATHISADAGOPURAM\\.nuget\\packages\\uipath.omnipage.bundle/1.0.2\\lib/net452/Mor3.dll",
        "C:\\Users\\REVATHISADAGOPURAM\\.nuget\\packages\\uipath.omnipage.bundle/1.0.2\\lib/net452/Mor4.dll",
        "C:\\Users\\REVATHISADAGOPURAM\\.nuget\\packages\\uipath.omnipage.bundle/1.0.2\\lib/net452/Mor5.dll",
        "C:\\Users\\REVATHISADAGOPURAM\\.nuget\\packages\\uipath.omnipage.bundle/1.0.2\\lib/net452/Mor6.dll",
        "C:\\Users\\REVATHISADAGOPURAM\\.nuget\\packages\\uipath.omnipage.bundle/1.0.2\\lib/net452/MorIF.dll",
        "C:\\Users\\REVATHISADAGOPURAM\\.nuget\\packages\\uipath.omnipage.bundle/1.0.2\\lib/net452/Nuance.OmniPage.CSDK.ArgTypes.dll",
        "C:\\Users\\REVATHISADAGOPURAM\\.nuget\\packages\\uipath.omnipage.bundle/1.0.2\\lib/net452/Nuance.OmniPage.CSDK.CAPI.dll",
        "C:\\Users\\REVATHISADAGOPURAM\\.nuget\\packages\\uipath.omnipage.bundle/1.0.2\\lib/net452/Nuance.OmniPage.CSDK.Objects.dll",
        "C:\\Users\\REVATHISADAGOPURAM\\.nuget\\packages\\uipath.omnipage.bundle/1.0.2\\lib/net452/PreRendering.dll",
        "C:\\Users\\REVATHISADAGOPURAM\\.nuget\\packages\\uipath.omnipage.bundle/1.0.2\\lib/net452/RecAPIPlus.dll",
        "C:\\Users\\REVATHISADAGOPURAM\\.nuget\\packages\\uipath.omnipage.bundle/1.0.2\\lib/net452/RecDiag.dll",
        "C:\\Users\\REVATHISADAGOPURAM\\.nuget\\packages\\uipath.omnipage.bundle/1.0.2\\lib/net452/RecPDFNet.dll",
        "C:\\Users\\REVATHISADAGOPURAM\\.nuget\\packages\\uipath.omnipage.bundle/1.0.2\\lib/net452/Rendering.dll",
        "C:\\Users\\REVATHISADAGOPURAM\\.nuget\\packages\\uipath.omnipage.bundle/1.0.2\\lib/net452/Rendering2.dll",
        "C:\\Users\\REVATHISADAGOPURAM\\.nuget\\packages\\uipath.omnipage.bundle/1.0.2\\lib/net452/SPDFLib.dll",
        "C:\\Users\\REVATHISADAGOPURAM\\.nuget\\packages\\uipath.omnipage.bundle/1.0.2\\lib/net452/SkinnedClasses.dll",
        "C:\\Users\\REVATHISADAGOPURAM\\.nuget\\packages\\uipath.omnipage.bundle/1.0.2\\lib/net452/SkinnedWindows.dll",
        "C:\\Users\\REVATHISADAGOPURAM\\.nuget\\packages\\uipath.omnipage.bundle/1.0.2\\lib/net452/UiPath.OmniPage.Bundle.dll",
        "C:\\Users\\REVATHISADAGOPURAM\\.nuget\\packages\\uipath.omnipage.bundle/1.0.2\\lib/net452/atm2lll.dll",
        "C:\\Users\\REVATHISADAGOPURAM\\.nuget\\packages\\uipath.omnipage.bundle/1.0.2\\lib/net452/jp2k_kdu_apps_vnew.dll",
        "C:\\Users\\REVATHISADAGOPURAM\\.nuget\\packages\\uipath.omnipage.bundle/1.0.2\\lib/net452/kdu_vnewR.dll",
        "C:\\Users\\REVATHISADAGOPURAM\\.nuget\\packages\\uipath.omnipage.bundle/1.0.2\\lib/net452/msvcp140.dll",
        "C:\\Users\\REVATHISADAGOPURAM\\.nuget\\packages\\uipath.omnipage.bundle/1.0.2\\lib/net452/pccext.dll",
        "C:\\Users\\REVATHISADAGOPURAM\\.nuget\\packages\\uipath.omnipage.bundle/1.0.2\\lib/net452/pccext2.dll",
        "C:\\Users\\REVATHISADAGOPURAM\\.nuget\\packages\\uipath.omnipage.bundle/1.0.2\\lib/net452/pccext3.dll",
        "C:\\Users\\REVATHISADAGOPURAM\\.nuget\\packages\\uipath.omnipage.bundle/1.0.2\\lib/net452/pccext4.dll",
        "C:\\Users\\REVATHISADAGOPURAM\\.nuget\\packages\\uipath.omnipage.bundle/1.0.2\\lib/net452/pccext5.dll",
        "C:\\Users\\REVATHISADAGOPURAM\\.nuget\\packages\\uipath.omnipage.bundle/1.0.2\\lib/net452/pccext6.dll",
        "C:\\Users\\REVATHISADAGOPURAM\\.nuget\\packages\\uipath.omnipage.bundle/1.0.2\\lib/net452/rndsdawg.dll",
        "C:\\Users\\REVATHISADAGOPURAM\\.nuget\\packages\\uipath.omnipage.bundle/1.0.2\\lib/net452/rndsinso.dll",
        "C:\\Users\\REVATHISADAGOPURAM\\.nuget\\packages\\uipath.omnipage.bundle/1.0.2\\lib/net452/vcruntime140.dll",
        "C:\\Users\\REVATHISADAGOPURAM\\.nuget\\packages\\uipath.omnipage.bundle/1.0.2\\lib/net452/xocr.dll",
        "C:\\Users\\REVATHISADAGOPURAM\\.nuget\\packages\\uipath.omnipage.bundle/1.0.2\\lib/net452/xocr2.dll",
        "C:\\Users\\REVATHISADAGOPURAM\\.nuget\\packages\\uipath.omnipage.bundle/1.0.2\\lib/net452/xocr3.dll",
        "C:\\Users\\REVATHISADAGOPURAM\\.nuget\\packages\\uipath.omnipage.bundle/1.0.2\\lib/net452/xocr4.dll",
        "C:\\Users\\REVATHISADAGOPURAM\\.nuget\\packages\\uipath.omnipage.bundle/1.0.2\\lib/net452/xocr5.dll",
        "C:\\Users\\REVATHISADAGOPURAM\\.nuget\\packages\\uipath.omnipage.bundle/1.0.2\\lib/net452/xocr6.dll"
      ],
      "Path": "C:\\Users\\REVATHISADAGOPURAM\\.nuget\\packages\\uipath.omnipage.activities\\1.6.1-preview"
    },
    {
      "Package": {
        "Id": "UiPath.PDF.Activities",
        "Version": "3.2.2"
      },
      "Assemblies": [
        "C:\\Users\\REVATHISADAGOPURAM\\.nuget\\packages\\bitmiracle.docotic.pdf/5.10.9957\\lib/net40/BitMiracle.Docotic.Pdf.dll",
        "C:\\Users\\REVATHISADAGOPURAM\\.nuget\\packages\\system.valuetuple/4.5.0\\lib/net461/System.ValueTuple.dll",
        "C:\\Users\\REVATHISADAGOPURAM\\.nuget\\packages\\uipath.ocr.contracts/2.7.1-preview\\lib/net461/UiPath.OCR.Contracts.dll",
        "C:\\Users\\REVATHISADAGOPURAM\\.nuget\\packages\\uipath.pdf.activities/3.2.2\\lib/net461/UiPath.PDF.Activities.Design.dll",
        "C:\\Users\\REVATHISADAGOPURAM\\.nuget\\packages\\uipath.pdf.activities/3.2.2\\lib/net461/UiPath.PDF.Activities.dll",
        "C:\\Users\\REVATHISADAGOPURAM\\.nuget\\packages\\uipath.pdf.activities/3.2.2\\lib/net461/UiPath.PDF.dll"
      ],
      "Path": "C:\\Users\\REVATHISADAGOPURAM\\.nuget\\packages\\uipath.pdf.activities\\3.2.2"
    },
    {
      "Package": {
        "Id": "UiPath.System.Activities",
        "Version": "20.6.1-preview"
      },
      "Assemblies": [
        "C:\\Users\\REVATHISADAGOPURAM\\.nuget\\packages\\csvhelper/2.13.5\\lib/net40-client/CsvHelper.dll",
        "C:\\Users\\REVATHISADAGOPURAM\\.nuget\\packages\\microsoft.aspnet.signalr.client/2.4.0\\lib/net45/Microsoft.AspNet.SignalR.Client.dll",
        "C:\\Users\\REVATHISADAGOPURAM\\.nuget\\packages\\microsoft.rest.clientruntime/2.3.21\\lib/net461/Microsoft.Rest.ClientRuntime.dll",
        "C:\\Users\\REVATHISADAGOPURAM\\.nuget\\packages\\newtonsoft.json/12.0.3\\lib/net45/Newtonsoft.Json.dll",
        "C:\\Users\\REVATHISADAGOPURAM\\.nuget\\packages\\sharpziplib/1.2.0\\lib/net45/ICSharpCode.SharpZipLib.dll",
        "C:\\Users\\REVATHISADAGOPURAM\\.nuget\\packages\\uipath.system.activities/20.6.1-preview\\lib/net461/ActiproSoftware.Docking.Wpf.dll",
        "C:\\Users\\REVATHISADAGOPURAM\\.nuget\\packages\\uipath.system.activities/20.6.1-preview\\lib/net461/ActiproSoftware.Ribbon.Wpf.dll",
        "C:\\Users\\REVATHISADAGOPURAM\\.nuget\\packages\\uipath.system.activities/20.6.1-preview\\lib/net461/ActiproSoftware.Shared.Wpf.dll",
        "C:\\Users\\REVATHISADAGOPURAM\\.nuget\\packages\\uipath.system.activities/20.6.1-preview\\lib/net461/ActiproSoftware.SyntaxEditor.Addons.DotNet.Wpf.dll",
        "C:\\Users\\REVATHISADAGOPURAM\\.nuget\\packages\\uipath.system.activities/20.6.1-preview\\lib/net461/ActiproSoftware.SyntaxEditor.Wpf.dll",
        "C:\\Users\\REVATHISADAGOPURAM\\.nuget\\packages\\uipath.system.activities/20.6.1-preview\\lib/net461/ActiproSoftware.Text.Addons.DotNet.Wpf.dll",
        "C:\\Users\\REVATHISADAGOPURAM\\.nuget\\packages\\uipath.system.activities/20.6.1-preview\\lib/net461/ActiproSoftware.Text.LLParser.Wpf.dll",
        "C:\\Users\\REVATHISADAGOPURAM\\.nuget\\packages\\uipath.system.activities/20.6.1-preview\\lib/net461/ActiproSoftware.Text.Wpf.dll",
        "C:\\Users\\REVATHISADAGOPURAM\\.nuget\\packages\\uipath.system.activities/20.6.1-preview\\lib/net461/ActiproSoftware.Wizard.Wpf.dll",
        "C:\\Users\\REVATHISADAGOPURAM\\.nuget\\packages\\uipath.system.activities/20.6.1-preview\\lib/net461/UiPath.OrchestratorClient.dll",
        "C:\\Users\\REVATHISADAGOPURAM\\.nuget\\packages\\uipath.system.activities/20.6.1-preview\\lib/net461/UiPath.System.Activities.Design.dll",
        "C:\\Users\\REVATHISADAGOPURAM\\.nuget\\packages\\uipath.system.activities/20.6.1-preview\\lib/net461/UiPath.System.Activities.dll"
      ],
      "Path": "C:\\Users\\REVATHISADAGOPURAM\\.nuget\\packages\\uipath.system.activities\\20.6.1-preview"
    },
    {
      "Package": {
        "Id": "UiPath.UIAutomation.Activities",
        "Version": "20.6.0-preview"
      },
      "Assemblies": [
        "C:\\Users\\REVATHISADAGOPURAM\\.nuget\\packages\\avalonedit/5.0.3\\lib/Net40/ICSharpCode.AvalonEdit.dll",
        "C:\\Users\\REVATHISADAGOPURAM\\.nuget\\packages\\extended.wpf.toolkit/2.8.0\\lib/net40/Xceed.Wpf.AvalonDock.Themes.Aero.dll",
        "C:\\Users\\REVATHISADAGOPURAM\\.nuget\\packages\\extended.wpf.toolkit/2.8.0\\lib/net40/Xceed.Wpf.AvalonDock.Themes.Metro.dll",
        "C:\\Users\\REVATHISADAGOPURAM\\.nuget\\packages\\extended.wpf.toolkit/2.8.0\\lib/net40/Xceed.Wpf.AvalonDock.Themes.VS2010.dll",
        "C:\\Users\\REVATHISADAGOPURAM\\.nuget\\packages\\extended.wpf.toolkit/2.8.0\\lib/net40/Xceed.Wpf.AvalonDock.dll",
        "C:\\Users\\REVATHISADAGOPURAM\\.nuget\\packages\\extended.wpf.toolkit/2.8.0\\lib/net40/Xceed.Wpf.DataGrid.dll",
        "C:\\Users\\REVATHISADAGOPURAM\\.nuget\\packages\\extended.wpf.toolkit/2.8.0\\lib/net40/Xceed.Wpf.Toolkit.dll",
        "C:\\Users\\REVATHISADAGOPURAM\\.nuget\\packages\\humanizer.core/2.4.2\\lib/netstandard2.0/Humanizer.dll",
        "C:\\Users\\REVATHISADAGOPURAM\\.nuget\\packages\\newtonsoft.json/12.0.3\\lib/net45/Newtonsoft.Json.dll",
        "C:\\Users\\REVATHISADAGOPURAM\\.nuget\\packages\\system.io.abstractions/3.0.10\\lib/net40/System.IO.Abstractions.dll",
        "C:\\Users\\REVATHISADAGOPURAM\\.nuget\\packages\\system.threading.tasks.dataflow/4.10.0\\lib/netstandard2.0/System.Threading.Tasks.Dataflow.dll",
        "C:\\Users\\REVATHISADAGOPURAM\\.nuget\\packages\\system.valuetuple/4.5.0\\lib/net461/System.ValueTuple.dll",
        "C:\\Users\\REVATHISADAGOPURAM\\.nuget\\packages\\uipath/20.6.7473.25550-preview\\lib/UiPath.Interop.dll",
        "C:\\Users\\REVATHISADAGOPURAM\\.nuget\\packages\\uipath.ocr.contracts/2.7.1-preview\\lib/net461/UiPath.OCR.Contracts.dll",
        "C:\\Users\\REVATHISADAGOPURAM\\.nuget\\packages\\uipath.platform/20.4.0\\lib/net461/UiPath.Platform.dll",
        "C:\\Users\\REVATHISADAGOPURAM\\.nuget\\packages\\uipath.telemetry.client/1.2.20\\lib/net461/TelemetryClient.dll",
        "C:\\Users\\REVATHISADAGOPURAM\\.nuget\\packages\\uipath.uiautomation.activities/20.6.0-preview\\lib/net461/ActiproSoftware.DataGrid.Contrib.Wpf.dll",
        "C:\\Users\\REVATHISADAGOPURAM\\.nuget\\packages\\uipath.uiautomation.activities/20.6.0-preview\\lib/net461/ActiproSoftware.Docking.Wpf.dll",
        "C:\\Users\\REVATHISADAGOPURAM\\.nuget\\packages\\uipath.uiautomation.activities/20.6.0-preview\\lib/net461/ActiproSoftware.Editors.Wpf.dll",
        "C:\\Users\\REVATHISADAGOPURAM\\.nuget\\packages\\uipath.uiautomation.activities/20.6.0-preview\\lib/net461/ActiproSoftware.Ribbon.Wpf.dll",
        "C:\\Users\\REVATHISADAGOPURAM\\.nuget\\packages\\uipath.uiautomation.activities/20.6.0-preview\\lib/net461/ActiproSoftware.Shared.Wpf.dll",
        "C:\\Users\\REVATHISADAGOPURAM\\.nuget\\packages\\uipath.uiautomation.activities/20.6.0-preview\\lib/net461/ActiproSoftware.SyntaxEditor.Addons.DotNet.Wpf.dll",
        "C:\\Users\\REVATHISADAGOPURAM\\.nuget\\packages\\uipath.uiautomation.activities/20.6.0-preview\\lib/net461/ActiproSoftware.SyntaxEditor.Wpf.dll",
        "C:\\Users\\REVATHISADAGOPURAM\\.nuget\\packages\\uipath.uiautomation.activities/20.6.0-preview\\lib/net461/ActiproSoftware.Text.Addons.DotNet.Wpf.dll",
        "C:\\Users\\REVATHISADAGOPURAM\\.nuget\\packages\\uipath.uiautomation.activities/20.6.0-preview\\lib/net461/ActiproSoftware.Text.LLParser.Wpf.dll",
        "C:\\Users\\REVATHISADAGOPURAM\\.nuget\\packages\\uipath.uiautomation.activities/20.6.0-preview\\lib/net461/ActiproSoftware.Text.Wpf.dll",
        "C:\\Users\\REVATHISADAGOPURAM\\.nuget\\packages\\uipath.uiautomation.activities/20.6.0-preview\\lib/net461/ActiproSoftware.Wizard.Wpf.dll",
        "C:\\Users\\REVATHISADAGOPURAM\\.nuget\\packages\\uipath.uiautomation.activities/20.6.0-preview\\lib/net461/UiPath.CV.Activities.Design.dll",
        "C:\\Users\\REVATHISADAGOPURAM\\.nuget\\packages\\uipath.uiautomation.activities/20.6.0-preview\\lib/net461/UiPath.CV.Activities.dll",
        "C:\\Users\\REVATHISADAGOPURAM\\.nuget\\packages\\uipath.uiautomation.activities/20.6.0-preview\\lib/net461/UiPath.CV.dll",
        "C:\\Users\\REVATHISADAGOPURAM\\.nuget\\packages\\uipath.uiautomation.activities/20.6.0-preview\\lib/net461/UiPath.UIAutomation.Activities.Design.dll",
        "C:\\Users\\REVATHISADAGOPURAM\\.nuget\\packages\\uipath.uiautomation.activities/20.6.0-preview\\lib/net461/UiPath.UiAutomation.Activities.dll",
        "C:\\Users\\REVATHISADAGOPURAM\\.nuget\\packages\\uipath.uiautomation.activities/20.6.0-preview\\lib/net461/UiPath.Wizards.dll",
        "C:\\Users\\REVATHISADAGOPURAM\\.nuget\\packages\\uipath.vision/2.1.0-preview\\lib/net461/UiPath.Vision.AzureComputerVision.dll",
        "C:\\Users\\REVATHISADAGOPURAM\\.nuget\\packages\\uipath.vision/2.1.0-preview\\lib/net461/UiPath.Vision.Core.dll",
        "C:\\Users\\REVATHISADAGOPURAM\\.nuget\\packages\\uipath.vision/2.1.0-preview\\lib/net461/UiPath.Vision.GoogleCloud.dll",
        "C:\\Users\\REVATHISADAGOPURAM\\.nuget\\packages\\uipath.vision/2.1.0-preview\\lib/net461/UiPath.Vision.Microsoft.dll",
        "C:\\Users\\REVATHISADAGOPURAM\\.nuget\\packages\\uipath.vision/2.1.0-preview\\lib/net461/UiPath.Vision.MicrosoftCloud.dll",
        "C:\\Users\\REVATHISADAGOPURAM\\.nuget\\packages\\uipath.vision/2.1.0-preview\\lib/net461/UiPath.Vision.Tesseract.dll",
        "C:\\Users\\REVATHISADAGOPURAM\\.nuget\\packages\\uipath.vision/2.1.0-preview\\lib/net461/UiPath.Vision.dll"
      ],
      "Path": "C:\\Users\\REVATHISADAGOPURAM\\.nuget\\packages\\uipath.uiautomation.activities\\20.6.0-preview"
    },
    {
      "Package": {
        "Id": "UiPath.Word.Activities",
        "Version": "1.5.3-beta.1159735"
      },
      "Assemblies": [
        "C:\\Users\\REVATHISADAGOPURAM\\.nuget\\packages\\docx/1.0.0.18\\lib/net40/DocX.dll",
        "C:\\Users\\REVATHISADAGOPURAM\\.nuget\\packages\\uipath.word.activities/1.5.3-beta.1159735\\lib/net461/UiPath.Word.Activities.Design.dll",
        "C:\\Users\\REVATHISADAGOPURAM\\.nuget\\packages\\uipath.word.activities/1.5.3-beta.1159735\\lib/net461/UiPath.Word.Activities.dll",
        "C:\\Users\\REVATHISADAGOPURAM\\.nuget\\packages\\uipath.word.activities/1.5.3-beta.1159735\\lib/net461/UiPath.Word.dll"
      ],
      "Path": "C:\\Users\\REVATHISADAGOPURAM\\.nuget\\packages\\uipath.word.activities\\1.5.3-beta.1159735"
    }
  ],
  "Conflicts": [],
  "ResolvedDependencies": {
    "AvalonEdit": {
      "Id": "AvalonEdit",
      "Version": "5.0.3",
      "Dependencies": []
    },
    "BalaReva.DataTable.Activities": {
      "Id": "BalaReva.DataTable.Activities",
      "Version": "2.0.2",
      "Dependencies": []
    },
    "BalaReva.Excel.Activities": {
      "Id": "BalaReva.Excel.Activities",
      "Version": "2020.2.0",
      "Dependencies": [
        {
          "Item1": "Microsoft.Office.Interop.Excel",
          "Item2": "[15.0.4795.1000, )"
        },
        {
          "Item1": "MicrosoftOfficeCore",
          "Item2": "[15.0.0, )"
        }
      ]
    },
    "BalaReva.Pdf.Activities": {
      "Id": "BalaReva.Pdf.Activities",
      "Version": "2019.3.0",
      "Dependencies": [
        {
          "Item1": "iTextSharp",
          "Item2": "[5.5.13.1, )"
        }
      ]
    },
    "BitMiracle.Docotic.Pdf": {
      "Id": "BitMiracle.Docotic.Pdf",
      "Version": "5.10.9957",
      "Dependencies": []
    },
    "BouncyCastle": {
      "Id": "BouncyCastle",
      "Version": "1.8.5",
      "Dependencies": []
    },
    "ClosedXML": {
      "Id": "ClosedXML",
      "Version": "0.87.1",
      "Dependencies": [
        {
          "Item1": "DocumentFormat.OpenXml",
          "Item2": "[2.5.0, )"
        }
      ]
    },
    "CloudRail.Google.Drive.Api": {
      "Id": "CloudRail.Google.Drive.Api",
      "Version": "1.0.6",
      "Dependencies": [
        {
          "Item1": "Newtonsoft.Json",
          "Item2": "[10.0.3, )"
        },
        {
          "Item1": "OpenSSL.X509Certificate2.Provider",
          "Item2": "[1.2.0, )"
        }
      ]
    },
    "CsvHelper": {
      "Id": "CsvHelper",
      "Version": "2.13.5",
      "Dependencies": []
    },
    "DocumentFormat.OpenXml": {
      "Id": "DocumentFormat.OpenXml",
      "Version": "2.5.0",
      "Dependencies": []
    },
    "DocX": {
      "Id": "DocX",
      "Version": "1.0.0.18",
      "Dependencies": []
    },
    "EpsilonAI.PDFReader.Activities": {
      "Id": "EpsilonAI.PDFReader.Activities",
      "Version": "1.0.0",
      "Dependencies": [
        {
          "Item1": "Magick.NET-Q16-AnyCPU",
          "Item2": "[7.14.5, )"
        },
        {
          "Item1": "Newtonsoft.Json",
          "Item2": "[12.0.2, )"
        }
      ]
    },
    "Esoptra.GoogleDrive": {
      "Id": "Esoptra.GoogleDrive",
      "Version": "1.0.3",
      "Dependencies": []
    },
    "Extended.Wpf.Toolkit": {
      "Id": "Extended.Wpf.Toolkit",
      "Version": "2.8.0",
      "Dependencies": []
    },
    "FestSystems.PDFtoExcel.Activities": {
      "Id": "FestSystems.PDFtoExcel.Activities",
      "Version": "1.0.1",
      "Dependencies": []
    },
    "Google.Apis": {
      "Id": "Google.Apis",
      "Version": "1.49.0",
      "Dependencies": [
        {
          "Item1": "Google.Apis.Core",
          "Item2": "[1.49.0, )"
        }
      ]
    },
    "Google.Apis.Auth": {
      "Id": "Google.Apis.Auth",
      "Version": "1.49.0",
      "Dependencies": [
        {
          "Item1": "Google.Apis.Core",
          "Item2": "[1.49.0, )"
        },
        {
          "Item1": "Google.Apis",
          "Item2": "[1.49.0, )"
        }
      ]
    },
    "Google.Apis.Calendar.v3": {
      "Id": "Google.Apis.Calendar.v3",
      "Version": "1.43.0.1872",
      "Dependencies": [
        {
          "Item1": "Google.Apis",
          "Item2": "[1.43.0, )"
        },
        {
          "Item1": "Google.Apis.Auth",
          "Item2": "[1.43.0, )"
        }
      ]
    },
    "Google.Apis.Core": {
      "Id": "Google.Apis.Core",
      "Version": "1.49.0",
      "Dependencies": [
        {
          "Item1": "Newtonsoft.Json",
          "Item2": "[12.0.3, )"
        }
      ]
    },
    "Google.Apis.Docs.v1": {
      "Id": "Google.Apis.Docs.v1",
      "Version": "1.43.0.1869",
      "Dependencies": [
        {
          "Item1": "Google.Apis",
          "Item2": "[1.43.0, )"
        },
        {
          "Item1": "Google.Apis.Auth",
          "Item2": "[1.43.0, )"
        }
      ]
    },
    "Google.Apis.Drive.v3": {
      "Id": "Google.Apis.Drive.v3",
      "Version": "1.49.0.2072",
      "Dependencies": [
        {
          "Item1": "Google.Apis",
          "Item2": "[1.49.0, )"
        },
        {
          "Item1": "Google.Apis.Auth",
          "Item2": "[1.49.0, )"
        }
      ]
    },
    "Google.Apis.Gmail.v1": {
      "Id": "Google.Apis.Gmail.v1",
      "Version": "1.43.0.1859",
      "Dependencies": [
        {
          "Item1": "Google.Apis",
          "Item2": "[1.43.0, )"
        },
        {
          "Item1": "Google.Apis.Auth",
          "Item2": "[1.43.0, )"
        }
      ]
    },
    "Google.Apis.Script.v1": {
      "Id": "Google.Apis.Script.v1",
      "Version": "1.43.0.1871",
      "Dependencies": [
        {
          "Item1": "Google.Apis",
          "Item2": "[1.43.0, )"
        },
        {
          "Item1": "Google.Apis.Auth",
          "Item2": "[1.43.0, )"
        }
      ]
    },
    "Google.Apis.Sheets.v4": {
      "Id": "Google.Apis.Sheets.v4",
      "Version": "1.43.0.1867",
      "Dependencies": [
        {
          "Item1": "Google.Apis",
          "Item2": "[1.43.0, )"
        },
        {
          "Item1": "Google.Apis.Auth",
          "Item2": "[1.43.0, )"
        }
      ]
    },
    "Humanizer.Core": {
      "Id": "Humanizer.Core",
      "Version": "2.4.2",
      "Dependencies": []
    },
    "interop.domino.dll": {
      "Id": "interop.domino.dll",
      "Version": "1.0.0",
      "Dependencies": []
    },
    "iTextSharp": {
      "Id": "iTextSharp",
      "Version": "5.5.13.1",
      "Dependencies": []
    },
    "Magick.NET-Q16-AnyCPU": {
      "Id": "Magick.NET-Q16-AnyCPU",
      "Version": "7.14.5",
      "Dependencies": []
    },
    "Microsoft.ApplicationInsights": {
      "Id": "Microsoft.ApplicationInsights",
      "Version": "2.3.0",
      "Dependencies": []
    },
    "Microsoft.AspNet.SignalR.Client": {
      "Id": "Microsoft.AspNet.SignalR.Client",
      "Version": "2.4.0",
      "Dependencies": [
        {
          "Item1": "Newtonsoft.Json",
          "Item2": "[6.0.4, )"
        }
      ]
    },
    "Microsoft.Exchange.WebServices": {
      "Id": "Microsoft.Exchange.WebServices",
      "Version": "2.2.0",
      "Dependencies": []
    },
    "Microsoft.Identity.Client": {
      "Id": "Microsoft.Identity.Client",
      "Version": "4.14.0",
      "Dependencies": []
    },
    "Microsoft.Office.Interop.Excel": {
      "Id": "Microsoft.Office.Interop.Excel",
      "Version": "15.0.4795.1000",
      "Dependencies": []
    },
    "Microsoft.Rest.ClientRuntime": {
      "Id": "Microsoft.Rest.ClientRuntime",
      "Version": "2.3.21",
      "Dependencies": [
        {
          "Item1": "Newtonsoft.Json",
          "Item2": "[10.0.3, )"
        }
      ]
    },
    "Microsoft.VisualStudio.OLE.Interop": {
      "Id": "Microsoft.VisualStudio.OLE.Interop",
      "Version": "7.10.6071",
      "Dependencies": []
    },
    "MicrosoftOfficeCore": {
      "Id": "MicrosoftOfficeCore",
      "Version": "15.0.0",
      "Dependencies": []
    },
    "MimeKit": {
      "Id": "MimeKit",
      "Version": "2.5.1",
      "Dependencies": [
        {
          "Item1": "BouncyCastle",
          "Item2": "[1.8.5, )"
        }
      ]
    },
    "Newtonsoft.Json": {
      "Id": "Newtonsoft.Json",
      "Version": "12.0.3",
      "Dependencies": []
    },
    "NodaTime": {
      "Id": "NodaTime",
      "Version": "2.4.7",
      "Dependencies": []
    },
    "NPOI": {
      "Id": "NPOI",
      "Version": "2.4.1",
      "Dependencies": [
        {
          "Item1": "SharpZipLib",
          "Item2": "[1.0.0, )"
        }
      ]
    },
    "OpenSSL.PrivateKeyDecoder": {
      "Id": "OpenSSL.PrivateKeyDecoder",
      "Version": "1.2.0",
      "Dependencies": []
    },
    "OpenSSL.X509Certificate2.Provider": {
      "Id": "OpenSSL.X509Certificate2.Provider",
      "Version": "1.2.0",
      "Dependencies": [
        {
          "Item1": "OpenSSL.PrivateKeyDecoder",
          "Item2": "[1.2.0, )"
        }
      ]
    },
    "SharpZipLib": {
      "Id": "SharpZipLib",
      "Version": "1.2.0",
      "Dependencies": []
    },
    "System.IO.Abstractions": {
      "Id": "System.IO.Abstractions",
      "Version": "3.0.10",
      "Dependencies": []
    },
    "System.Threading.Tasks.Dataflow": {
      "Id": "System.Threading.Tasks.Dataflow",
      "Version": "4.10.0",
      "Dependencies": []
    },
    "System.ValueTuple": {
      "Id": "System.ValueTuple",
      "Version": "4.5.0",
      "Dependencies": []
    },
    "UiPath": {
      "Id": "UiPath",
      "Version": "20.6.7473.25550-preview",
      "Dependencies": []
    },
    "UiPath.Excel.Activities": {
      "Id": "UiPath.Excel.Activities",
      "Version": "2.9.0-preview",
      "Dependencies": [
        {
          "Item1": "ClosedXML",
          "Item2": "[0.87.1, )"
        },
        {
          "Item1": "CsvHelper",
          "Item2": "[2.13.5, )"
        },
        {
          "Item1": "DocumentFormat.OpenXml",
          "Item2": "[2.5.0, )"
        },
        {
          "Item1": "Microsoft.VisualStudio.OLE.Interop",
          "Item2": "[7.10.6071, )"
        },
        {
          "Item1": "NPOI",
          "Item2": "[2.4.1, )"
        },
        {
          "Item1": "SharpZipLib",
          "Item2": "[1.0.0, )"
        }
      ]
    },
    "UiPath.GSuite.Activities": {
      "Id": "UiPath.GSuite.Activities",
      "Version": "1.6.0",
      "Dependencies": [
        {
          "Item1": "Google.Apis.Calendar.v3",
          "Item2": "[1.43.0.1872, )"
        },
        {
          "Item1": "Google.Apis.Docs.v1",
          "Item2": "[1.43.0.1869, )"
        },
        {
          "Item1": "Google.Apis.Drive.v3",
          "Item2": "[1.43.0.1863, )"
        },
        {
          "Item1": "Google.Apis.Gmail.v1",
          "Item2": "[1.43.0.1859, )"
        },
        {
          "Item1": "Google.Apis.Script.v1",
          "Item2": "[1.43.0.1871, )"
        },
        {
          "Item1": "Google.Apis.Sheets.v4",
          "Item2": "[1.43.0.1867, )"
        },
        {
          "Item1": "Microsoft.ApplicationInsights",
          "Item2": "[2.3.0, )"
        },
        {
          "Item1": "MimeKit",
          "Item2": "[2.5.1, )"
        },
        {
          "Item1": "Newtonsoft.Json",
          "Item2": "[11.0.1, )"
        },
        {
          "Item1": "NodaTime",
          "Item2": "[2.4.7, )"
        }
      ]
    },
    "UiPath.Mail.Activities": {
      "Id": "UiPath.Mail.Activities",
      "Version": "1.9.0-preview",
      "Dependencies": [
        {
          "Item1": "System.ValueTuple",
          "Item2": "[4.5.0, )"
        },
        {
          "Item1": "Microsoft.Exchange.WebServices",
          "Item2": "[2.2.0, )"
        },
        {
          "Item1": "Microsoft.Identity.Client",
          "Item2": "[4.14.0, )"
        },
        {
          "Item1": "BouncyCastle",
          "Item2": "[1.8.5, )"
        },
        {
          "Item1": "interop.domino.dll",
          "Item2": "[1.0.0, )"
        }
      ]
    },
    "UiPath.OCR.Contracts": {
      "Id": "UiPath.OCR.Contracts",
      "Version": "2.7.1-preview",
      "Dependencies": []
    },
    "UiPath.OmniPage.Activities": {
      "Id": "UiPath.OmniPage.Activities",
      "Version": "1.6.1-preview",
      "Dependencies": [
        {
          "Item1": "UiPath.OCR.Contracts",
          "Item2": "[2.7.1-preview, )"
        },
        {
          "Item1": "UiPath.OmniPage.Bundle",
          "Item2": "[1.0.2, )"
        },
        {
          "Item1": "Newtonsoft.Json",
          "Item2": "[11.0.2, )"
        }
      ]
    },
    "UiPath.OmniPage.Bundle": {
      "Id": "UiPath.OmniPage.Bundle",
      "Version": "1.0.2",
      "Dependencies": []
    },
    "UiPath.PDF.Activities": {
      "Id": "UiPath.PDF.Activities",
      "Version": "3.2.2",
      "Dependencies": [
        {
          "Item1": "UiPath.OCR.Contracts",
          "Item2": "[2.6.0, )"
        },
        {
          "Item1": "System.ValueTuple",
          "Item2": "[4.5.0, )"
        },
        {
          "Item1": "BitMiracle.Docotic.Pdf",
          "Item2": "[5.10.9957, )"
        }
      ]
    },
    "UiPath.Platform": {
      "Id": "UiPath.Platform",
      "Version": "20.4.0",
      "Dependencies": [
        {
          "Item1": "Newtonsoft.Json",
          "Item2": "[11.0.2, )"
        },
        {
          "Item1": "System.IO.Abstractions",
          "Item2": "[3.0.10, )"
        },
        {
          "Item1": "System.ValueTuple",
          "Item2": "[4.5.0, )"
        }
      ]
    },
    "UiPath.System.Activities": {
      "Id": "UiPath.System.Activities",
      "Version": "20.6.1-preview",
      "Dependencies": [
        {
          "Item1": "CsvHelper",
          "Item2": "[2.13.5, )"
        },
        {
          "Item1": "Microsoft.AspNet.SignalR.Client",
          "Item2": "[2.4.0, )"
        },
        {
          "Item1": "Microsoft.Rest.ClientRuntime",
          "Item2": "[2.3.21, )"
        },
        {
          "Item1": "Newtonsoft.Json",
          "Item2": "[11.0.2, )"
        },
        {
          "Item1": "SharpZipLib",
          "Item2": "[1.2.0, )"
        }
      ]
    },
    "UiPath.Telemetry.Client": {
      "Id": "UiPath.Telemetry.Client",
      "Version": "1.2.20",
      "Dependencies": [
        {
          "Item1": "Newtonsoft.Json",
          "Item2": "[11.0.1, )"
        },
        {
          "Item1": "System.Threading.Tasks.Dataflow",
          "Item2": "[4.10.0, )"
        }
      ]
    },
    "UiPath.UIAutomation.Activities": {
      "Id": "UiPath.UIAutomation.Activities",
      "Version": "20.6.0-preview",
      "Dependencies": [
        {
          "Item1": "UiPath",
          "Item2": "[20.6.7473.25550-preview, 20.6.7473.25550-preview]"
        },
        {
          "Item1": "UiPath.Vision",
          "Item2": "[2.1.0-preview, )"
        },
        {
          "Item1": "UiPath.OCR.Contracts",
          "Item2": "[2.6.0, )"
        },
        {
          "Item1": "UiPath.Platform",
          "Item2": "[20.4.0, )"
        },
        {
          "Item1": "AvalonEdit",
          "Item2": "[5.0.3, )"
        },
        {
          "Item1": "Extended.Wpf.Toolkit",
          "Item2": "[2.8.0, )"
        },
        {
          "Item1": "Humanizer.Core",
          "Item2": "[2.4.2, )"
        },
        {
          "Item1": "Newtonsoft.Json",
          "Item2": "[11.0.2, )"
        },
        {
          "Item1": "System.IO.Abstractions",
          "Item2": "[3.0.10, )"
        },
        {
          "Item1": "System.ValueTuple",
          "Item2": "[4.5.0, )"
        },
        {
          "Item1": "UiPath.Telemetry.Client",
          "Item2": "[1.2.20, )"
        }
      ]
    },
    "UiPath.Vision": {
      "Id": "UiPath.Vision",
      "Version": "2.1.0-preview",
      "Dependencies": [
        {
          "Item1": "UiPath.OCR.Contracts",
          "Item2": "[2.6.0, )"
        }
      ]
    },
    "UiPath.Word.Activities": {
      "Id": "UiPath.Word.Activities",
      "Version": "1.5.3-beta.1159735",
      "Dependencies": [
        {
          "Item1": "DocX",
          "Item2": "[1.0.0.18, )"
        }
      ]
    }
  },
  "AllPackages": [
    {
      "Package": {
        "Id": "AvalonEdit",
        "Version": "5.0.3"
      },
      "Assemblies": [
        "C:\\Users\\REVATHISADAGOPURAM\\.nuget\\packages\\avalonedit\\5.0.3\\lib\\Net40\\ICSharpCode.AvalonEdit.dll"
      ],
      "Path": "C:\\Users\\REVATHISADAGOPURAM\\.nuget\\packages\\avalonedit\\5.0.3"
    },
    {
      "Package": {
        "Id": "BalaReva.DataTable.Activities",
        "Version": "2.0.2"
      },
      "Assemblies": [
        "C:\\Users\\REVATHISADAGOPURAM\\.nuget\\packages\\balareva.datatable.activities\\2.0.2\\lib\\DataTableExtensions.Activities.dll",
        "C:\\Users\\REVATHISADAGOPURAM\\.nuget\\packages\\balareva.datatable.activities\\2.0.2\\lib\\DataTableGroup.Design.dll"
      ],
      "Path": "C:\\Users\\REVATHISADAGOPURAM\\.nuget\\packages\\balareva.datatable.activities\\2.0.2"
    },
    {
      "Package": {
        "Id": "BalaReva.Excel.Activities",
        "Version": "2020.2.0"
      },
      "Assemblies": [
        "C:\\Users\\REVATHISADAGOPURAM\\.nuget\\packages\\balareva.excel.activities\\2020.2.0\\lib\\BalaReva.Excel.Base.dll",
        "C:\\Users\\REVATHISADAGOPURAM\\.nuget\\packages\\balareva.excel.activities\\2020.2.0\\lib\\BalaReva.Excel.Design.dll",
        "C:\\Users\\REVATHISADAGOPURAM\\.nuget\\packages\\balareva.excel.activities\\2020.2.0\\lib\\BalaReva.Excel.Utilities.dll",
        "C:\\Users\\REVATHISADAGOPURAM\\.nuget\\packages\\balareva.excel.activities\\2020.2.0\\lib\\BalaReva.Excel.dll"
      ],
      "Path": "C:\\Users\\REVATHISADAGOPURAM\\.nuget\\packages\\balareva.excel.activities\\2020.2.0"
    },
    {
      "Package": {
        "Id": "BalaReva.Pdf.Activities",
        "Version": "2019.3.0"
      },
      "Assemblies": [
        "C:\\Users\\REVATHISADAGOPURAM\\.nuget\\packages\\balareva.pdf.activities\\2019.3.0\\lib\\BalaReva.PDF.Design.dll",
        "C:\\Users\\REVATHISADAGOPURAM\\.nuget\\packages\\balareva.pdf.activities\\2019.3.0\\lib\\BalaReva.PDF2.dll"
      ],
      "Path": "C:\\Users\\REVATHISADAGOPURAM\\.nuget\\packages\\balareva.pdf.activities\\2019.3.0"
    },
    {
      "Package": {
        "Id": "BitMiracle.Docotic.Pdf",
        "Version": "5.10.9957"
      },
      "Assemblies": [
        "C:\\Users\\REVATHISADAGOPURAM\\.nuget\\packages\\bitmiracle.docotic.pdf\\5.10.9957\\lib\\net40\\BitMiracle.Docotic.Pdf.dll"
      ],
      "Path": "C:\\Users\\REVATHISADAGOPURAM\\.nuget\\packages\\bitmiracle.docotic.pdf\\5.10.9957"
    },
    {
      "Package": {
        "Id": "BouncyCastle",
        "Version": "1.8.5"
      },
      "Assemblies": [
        "C:\\Users\\REVATHISADAGOPURAM\\.nuget\\packages\\bouncycastle\\1.8.5\\lib\\BouncyCastle.Crypto.dll"
      ],
      "Path": "C:\\Users\\REVATHISADAGOPURAM\\.nuget\\packages\\bouncycastle\\1.8.5"
    },
    {
      "Package": {
        "Id": "ClosedXML",
        "Version": "0.87.1"
      },
      "Assemblies": [
        "C:\\Users\\REVATHISADAGOPURAM\\.nuget\\packages\\closedxml\\0.87.1\\lib\\net40\\ClosedXML.dll"
      ],
      "Path": "C:\\Users\\REVATHISADAGOPURAM\\.nuget\\packages\\closedxml\\0.87.1"
    },
    {
      "Package": {
        "Id": "CloudRail.Google.Drive.Api",
        "Version": "1.0.6"
      },
      "Assemblies": [
        "C:\\Users\\REVATHISADAGOPURAM\\.nuget\\packages\\cloudrail.google.drive.api\\1.0.6\\lib\\CloudrailSI.dll"
      ],
      "Path": "C:\\Users\\REVATHISADAGOPURAM\\.nuget\\packages\\cloudrail.google.drive.api\\1.0.6"
    },
    {
      "Package": {
        "Id": "CsvHelper",
        "Version": "2.13.5"
      },
      "Assemblies": [
        "C:\\Users\\REVATHISADAGOPURAM\\.nuget\\packages\\csvhelper\\2.13.5\\lib\\net40-client\\CsvHelper.dll"
      ],
      "Path": "C:\\Users\\REVATHISADAGOPURAM\\.nuget\\packages\\csvhelper\\2.13.5"
    },
    {
      "Package": {
        "Id": "DocumentFormat.OpenXml",
        "Version": "2.5.0"
      },
      "Assemblies": [
        "C:\\Users\\REVATHISADAGOPURAM\\.nuget\\packages\\documentformat.openxml\\2.5.0\\lib\\DocumentFormat.OpenXml.dll"
      ],
      "Path": "C:\\Users\\REVATHISADAGOPURAM\\.nuget\\packages\\documentformat.openxml\\2.5.0"
    },
    {
      "Package": {
        "Id": "DocX",
        "Version": "1.0.0.18"
      },
      "Assemblies": [
        "C:\\Users\\REVATHISADAGOPURAM\\.nuget\\packages\\docx\\1.0.0.18\\lib\\net40\\DocX.dll"
      ],
      "Path": "C:\\Users\\REVATHISADAGOPURAM\\.nuget\\packages\\docx\\1.0.0.18"
    },
    {
      "Package": {
        "Id": "EpsilonAI.PDFReader.Activities",
        "Version": "1.0.0"
      },
      "Assemblies": [
        "C:\\Users\\REVATHISADAGOPURAM\\.nuget\\packages\\epsilonai.pdfreader.activities\\1.0.0\\lib\\net461\\EpsilonAI.PDFReader.Activities.dll",
        "C:\\Users\\REVATHISADAGOPURAM\\.nuget\\packages\\epsilonai.pdfreader.activities\\1.0.0\\lib\\net461\\PDFReader.dll"
      ],
      "Path": "C:\\Users\\REVATHISADAGOPURAM\\.nuget\\packages\\epsilonai.pdfreader.activities\\1.0.0"
    },
    {
      "Package": {
        "Id": "Esoptra.GoogleDrive",
        "Version": "1.0.3"
      },
      "Assemblies": [],
      "Path": "C:\\Users\\REVATHISADAGOPURAM\\.nuget\\packages\\esoptra.googledrive\\1.0.3"
    },
    {
      "Package": {
        "Id": "Extended.Wpf.Toolkit",
        "Version": "2.8.0"
      },
      "Assemblies": [
        "C:\\Users\\REVATHISADAGOPURAM\\.nuget\\packages\\extended.wpf.toolkit\\2.8.0\\lib\\net40\\Xceed.Wpf.AvalonDock.Themes.Aero.dll",
        "C:\\Users\\REVATHISADAGOPURAM\\.nuget\\packages\\extended.wpf.toolkit\\2.8.0\\lib\\net40\\Xceed.Wpf.AvalonDock.Themes.Metro.dll",
        "C:\\Users\\REVATHISADAGOPURAM\\.nuget\\packages\\extended.wpf.toolkit\\2.8.0\\lib\\net40\\Xceed.Wpf.AvalonDock.Themes.VS2010.dll",
        "C:\\Users\\REVATHISADAGOPURAM\\.nuget\\packages\\extended.wpf.toolkit\\2.8.0\\lib\\net40\\Xceed.Wpf.AvalonDock.dll",
        "C:\\Users\\REVATHISADAGOPURAM\\.nuget\\packages\\extended.wpf.toolkit\\2.8.0\\lib\\net40\\Xceed.Wpf.DataGrid.dll",
        "C:\\Users\\REVATHISADAGOPURAM\\.nuget\\packages\\extended.wpf.toolkit\\2.8.0\\lib\\net40\\Xceed.Wpf.Toolkit.dll"
      ],
      "Path": "C:\\Users\\REVATHISADAGOPURAM\\.nuget\\packages\\extended.wpf.toolkit\\2.8.0"
    },
    {
      "Package": {
        "Id": "FestSystems.PDFtoExcel.Activities",
        "Version": "1.0.1"
      },
      "Assemblies": [
        "C:\\Users\\REVATHISADAGOPURAM\\.nuget\\packages\\festsystems.pdftoexcel.activities\\1.0.1\\lib\\PDFExcelFile.dll"
      ],
      "Path": "C:\\Users\\REVATHISADAGOPURAM\\.nuget\\packages\\festsystems.pdftoexcel.activities\\1.0.1"
    },
    {
      "Package": {
        "Id": "Google.Apis",
        "Version": "1.49.0"
      },
      "Assemblies": [
        "C:\\Users\\REVATHISADAGOPURAM\\.nuget\\packages\\google.apis\\1.49.0\\lib\\net45\\Google.Apis.PlatformServices.dll",
        "C:\\Users\\REVATHISADAGOPURAM\\.nuget\\packages\\google.apis\\1.49.0\\lib\\net45\\Google.Apis.dll"
      ],
      "Path": "C:\\Users\\REVATHISADAGOPURAM\\.nuget\\packages\\google.apis\\1.49.0"
    },
    {
      "Package": {
        "Id": "Google.Apis.Auth",
        "Version": "1.49.0"
      },
      "Assemblies": [
        "C:\\Users\\REVATHISADAGOPURAM\\.nuget\\packages\\google.apis.auth\\1.49.0\\lib\\net45\\Google.Apis.Auth.PlatformServices.dll",
        "C:\\Users\\REVATHISADAGOPURAM\\.nuget\\packages\\google.apis.auth\\1.49.0\\lib\\net45\\Google.Apis.Auth.dll"
      ],
      "Path": "C:\\Users\\REVATHISADAGOPURAM\\.nuget\\packages\\google.apis.auth\\1.49.0"
    },
    {
      "Package": {
        "Id": "Google.Apis.Calendar.v3",
        "Version": "1.43.0.1872"
      },
      "Assemblies": [
        "C:\\Users\\REVATHISADAGOPURAM\\.nuget\\packages\\google.apis.calendar.v3\\1.43.0.1872\\lib\\net45\\Google.Apis.Calendar.v3.dll"
      ],
      "Path": "C:\\Users\\REVATHISADAGOPURAM\\.nuget\\packages\\google.apis.calendar.v3\\1.43.0.1872"
    },
    {
      "Package": {
        "Id": "Google.Apis.Core",
        "Version": "1.49.0"
      },
      "Assemblies": [
        "C:\\Users\\REVATHISADAGOPURAM\\.nuget\\packages\\google.apis.core\\1.49.0\\lib\\net45\\Google.Apis.Core.dll"
      ],
      "Path": "C:\\Users\\REVATHISADAGOPURAM\\.nuget\\packages\\google.apis.core\\1.49.0"
    },
    {
      "Package": {
        "Id": "Google.Apis.Docs.v1",
        "Version": "1.43.0.1869"
      },
      "Assemblies": [
        "C:\\Users\\REVATHISADAGOPURAM\\.nuget\\packages\\google.apis.docs.v1\\1.43.0.1869\\lib\\net45\\Google.Apis.Docs.v1.dll"
      ],
      "Path": "C:\\Users\\REVATHISADAGOPURAM\\.nuget\\packages\\google.apis.docs.v1\\1.43.0.1869"
    },
    {
      "Package": {
        "Id": "Google.Apis.Drive.v3",
        "Version": "1.49.0.2072"
      },
      "Assemblies": [
        "C:\\Users\\REVATHISADAGOPURAM\\.nuget\\packages\\google.apis.drive.v3\\1.49.0.2072\\lib\\net45\\Google.Apis.Drive.v3.dll"
      ],
      "Path": "C:\\Users\\REVATHISADAGOPURAM\\.nuget\\packages\\google.apis.drive.v3\\1.49.0.2072"
    },
    {
      "Package": {
        "Id": "Google.Apis.Gmail.v1",
        "Version": "1.43.0.1859"
      },
      "Assemblies": [
        "C:\\Users\\REVATHISADAGOPURAM\\.nuget\\packages\\google.apis.gmail.v1\\1.43.0.1859\\lib\\net45\\Google.Apis.Gmail.v1.dll"
      ],
      "Path": "C:\\Users\\REVATHISADAGOPURAM\\.nuget\\packages\\google.apis.gmail.v1\\1.43.0.1859"
    },
    {
      "Package": {
        "Id": "Google.Apis.Script.v1",
        "Version": "1.43.0.1871"
      },
      "Assemblies": [
        "C:\\Users\\REVATHISADAGOPURAM\\.nuget\\packages\\google.apis.script.v1\\1.43.0.1871\\lib\\net45\\Google.Apis.Script.v1.dll"
      ],
      "Path": "C:\\Users\\REVATHISADAGOPURAM\\.nuget\\packages\\google.apis.script.v1\\1.43.0.1871"
    },
    {
      "Package": {
        "Id": "Google.Apis.Sheets.v4",
        "Version": "1.43.0.1867"
      },
      "Assemblies": [
        "C:\\Users\\REVATHISADAGOPURAM\\.nuget\\packages\\google.apis.sheets.v4\\1.43.0.1867\\lib\\net45\\Google.Apis.Sheets.v4.dll"
      ],
      "Path": "C:\\Users\\REVATHISADAGOPURAM\\.nuget\\packages\\google.apis.sheets.v4\\1.43.0.1867"
    },
    {
      "Package": {
        "Id": "Humanizer.Core",
        "Version": "2.4.2"
      },
      "Assemblies": [
        "C:\\Users\\REVATHISADAGOPURAM\\.nuget\\packages\\humanizer.core\\2.4.2\\lib\\netstandard2.0\\Humanizer.dll"
      ],
      "Path": "C:\\Users\\REVATHISADAGOPURAM\\.nuget\\packages\\humanizer.core\\2.4.2"
    },
    {
      "Package": {
        "Id": "interop.domino.dll",
        "Version": "1.0.0"
      },
      "Assemblies": [
        "C:\\Users\\REVATHISADAGOPURAM\\.nuget\\packages\\interop.domino.dll\\1.0.0\\lib\\Interop.Domino.dll"
      ],
      "Path": "C:\\Users\\REVATHISADAGOPURAM\\.nuget\\packages\\interop.domino.dll\\1.0.0"
    },
    {
      "Package": {
        "Id": "iTextSharp",
        "Version": "5.5.13.1"
      },
      "Assemblies": [
        "C:\\Users\\REVATHISADAGOPURAM\\.nuget\\packages\\itextsharp\\5.5.13.1\\lib\\itextsharp.dll"
      ],
      "Path": "C:\\Users\\REVATHISADAGOPURAM\\.nuget\\packages\\itextsharp\\5.5.13.1"
    },
    {
      "Package": {
        "Id": "Magick.NET-Q16-AnyCPU",
        "Version": "7.14.5"
      },
      "Assemblies": [
        "C:\\Users\\REVATHISADAGOPURAM\\.nuget\\packages\\magick.net-q16-anycpu\\7.14.5\\lib\\net40\\Magick.NET-Q16-AnyCPU.dll"
      ],
      "Path": "C:\\Users\\REVATHISADAGOPURAM\\.nuget\\packages\\magick.net-q16-anycpu\\7.14.5"
    },
    {
      "Package": {
        "Id": "Microsoft.ApplicationInsights",
        "Version": "2.3.0"
      },
      "Assemblies": [
        "C:\\Users\\REVATHISADAGOPURAM\\.nuget\\packages\\microsoft.applicationinsights\\2.3.0\\lib\\net46\\Microsoft.ApplicationInsights.dll"
      ],
      "Path": "C:\\Users\\REVATHISADAGOPURAM\\.nuget\\packages\\microsoft.applicationinsights\\2.3.0"
    },
    {
      "Package": {
        "Id": "Microsoft.AspNet.SignalR.Client",
        "Version": "2.4.0"
      },
      "Assemblies": [
        "C:\\Users\\REVATHISADAGOPURAM\\.nuget\\packages\\microsoft.aspnet.signalr.client\\2.4.0\\lib\\net45\\Microsoft.AspNet.SignalR.Client.dll"
      ],
      "Path": "C:\\Users\\REVATHISADAGOPURAM\\.nuget\\packages\\microsoft.aspnet.signalr.client\\2.4.0"
    },
    {
      "Package": {
        "Id": "Microsoft.Exchange.WebServices",
        "Version": "2.2.0"
      },
      "Assemblies": [
        "C:\\Users\\REVATHISADAGOPURAM\\.nuget\\packages\\microsoft.exchange.webservices\\2.2.0\\lib\\40\\Microsoft.Exchange.WebServices.Auth.dll",
        "C:\\Users\\REVATHISADAGOPURAM\\.nuget\\packages\\microsoft.exchange.webservices\\2.2.0\\lib\\40\\Microsoft.Exchange.WebServices.dll"
      ],
      "Path": "C:\\Users\\REVATHISADAGOPURAM\\.nuget\\packages\\microsoft.exchange.webservices\\2.2.0"
    },
    {
      "Package": {
        "Id": "Microsoft.Identity.Client",
        "Version": "4.14.0"
      },
      "Assemblies": [
        "C:\\Users\\REVATHISADAGOPURAM\\.nuget\\packages\\microsoft.identity.client\\4.14.0\\lib\\net45\\Microsoft.Identity.Client.dll"
      ],
      "Path": "C:\\Users\\REVATHISADAGOPURAM\\.nuget\\packages\\microsoft.identity.client\\4.14.0"
    },
    {
      "Package": {
        "Id": "Microsoft.Office.Interop.Excel",
        "Version": "15.0.4795.1000"
      },
      "Assemblies": [
        "C:\\Users\\REVATHISADAGOPURAM\\.nuget\\packages\\microsoft.office.interop.excel\\15.0.4795.1000\\lib\\net20\\Microsoft.Office.Interop.Excel.dll"
      ],
      "Path": "C:\\Users\\REVATHISADAGOPURAM\\.nuget\\packages\\microsoft.office.interop.excel\\15.0.4795.1000"
    },
    {
      "Package": {
        "Id": "Microsoft.Rest.ClientRuntime",
        "Version": "2.3.21"
      },
      "Assemblies": [
        "C:\\Users\\REVATHISADAGOPURAM\\.nuget\\packages\\microsoft.rest.clientruntime\\2.3.21\\lib\\net461\\Microsoft.Rest.ClientRuntime.dll"
      ],
      "Path": "C:\\Users\\REVATHISADAGOPURAM\\.nuget\\packages\\microsoft.rest.clientruntime\\2.3.21"
    },
    {
      "Package": {
        "Id": "Microsoft.VisualStudio.OLE.Interop",
        "Version": "7.10.6071"
      },
      "Assemblies": [
        "C:\\Users\\REVATHISADAGOPURAM\\.nuget\\packages\\microsoft.visualstudio.ole.interop\\7.10.6071\\lib\\Microsoft.VisualStudio.OLE.Interop.dll"
      ],
      "Path": "C:\\Users\\REVATHISADAGOPURAM\\.nuget\\packages\\microsoft.visualstudio.ole.interop\\7.10.6071"
    },
    {
      "Package": {
        "Id": "MicrosoftOfficeCore",
        "Version": "15.0.0"
      },
      "Assemblies": [
        "C:\\Users\\REVATHISADAGOPURAM\\.nuget\\packages\\microsoftofficecore\\15.0.0\\lib\\net35\\Office.dll"
      ],
      "Path": "C:\\Users\\REVATHISADAGOPURAM\\.nuget\\packages\\microsoftofficecore\\15.0.0"
    },
    {
      "Package": {
        "Id": "MimeKit",
        "Version": "2.5.1"
      },
      "Assemblies": [
        "C:\\Users\\REVATHISADAGOPURAM\\.nuget\\packages\\mimekit\\2.5.1\\lib\\net46\\MimeKit.dll"
      ],
      "Path": "C:\\Users\\REVATHISADAGOPURAM\\.nuget\\packages\\mimekit\\2.5.1"
    },
    {
      "Package": {
        "Id": "Newtonsoft.Json",
        "Version": "12.0.3"
      },
      "Assemblies": [
        "C:\\Users\\REVATHISADAGOPURAM\\.nuget\\packages\\newtonsoft.json\\12.0.3\\lib\\net45\\Newtonsoft.Json.dll"
      ],
      "Path": "C:\\Users\\REVATHISADAGOPURAM\\.nuget\\packages\\newtonsoft.json\\12.0.3"
    },
    {
      "Package": {
        "Id": "NodaTime",
        "Version": "2.4.7"
      },
      "Assemblies": [
        "C:\\Users\\REVATHISADAGOPURAM\\.nuget\\packages\\nodatime\\2.4.7\\lib\\net45\\NodaTime.dll"
      ],
      "Path": "C:\\Users\\REVATHISADAGOPURAM\\.nuget\\packages\\nodatime\\2.4.7"
    },
    {
      "Package": {
        "Id": "NPOI",
        "Version": "2.4.1"
      },
      "Assemblies": [
        "C:\\Users\\REVATHISADAGOPURAM\\.nuget\\packages\\npoi\\2.4.1\\lib\\net45\\NPOI.OOXML.dll",
        "C:\\Users\\REVATHISADAGOPURAM\\.nuget\\packages\\npoi\\2.4.1\\lib\\net45\\NPOI.OpenXml4Net.dll",
        "C:\\Users\\REVATHISADAGOPURAM\\.nuget\\packages\\npoi\\2.4.1\\lib\\net45\\NPOI.OpenXmlFormats.dll",
        "C:\\Users\\REVATHISADAGOPURAM\\.nuget\\packages\\npoi\\2.4.1\\lib\\net45\\NPOI.dll"
      ],
      "Path": "C:\\Users\\REVATHISADAGOPURAM\\.nuget\\packages\\npoi\\2.4.1"
    },
    {
      "Package": {
        "Id": "OpenSSL.PrivateKeyDecoder",
        "Version": "1.2.0"
      },
      "Assemblies": [
        "C:\\Users\\REVATHISADAGOPURAM\\.nuget\\packages\\openssl.privatekeydecoder\\1.2.0\\lib\\net45\\OpenSSL.PrivateKeyDecoder.dll"
      ],
      "Path": "C:\\Users\\REVATHISADAGOPURAM\\.nuget\\packages\\openssl.privatekeydecoder\\1.2.0"
    },
    {
      "Package": {
        "Id": "OpenSSL.X509Certificate2.Provider",
        "Version": "1.2.0"
      },
      "Assemblies": [
        "C:\\Users\\REVATHISADAGOPURAM\\.nuget\\packages\\openssl.x509certificate2.provider\\1.2.0\\lib\\net45\\OpenSSL.X509Certificate2.Provider.dll"
      ],
      "Path": "C:\\Users\\REVATHISADAGOPURAM\\.nuget\\packages\\openssl.x509certificate2.provider\\1.2.0"
    },
    {
      "Package": {
        "Id": "SharpZipLib",
        "Version": "1.2.0"
      },
      "Assemblies": [
        "C:\\Users\\REVATHISADAGOPURAM\\.nuget\\packages\\sharpziplib\\1.2.0\\lib\\net45\\ICSharpCode.SharpZipLib.dll"
      ],
      "Path": "C:\\Users\\REVATHISADAGOPURAM\\.nuget\\packages\\sharpziplib\\1.2.0"
    },
    {
      "Package": {
        "Id": "System.IO.Abstractions",
        "Version": "3.0.10"
      },
      "Assemblies": [
        "C:\\Users\\REVATHISADAGOPURAM\\.nuget\\packages\\system.io.abstractions\\3.0.10\\lib\\net40\\System.IO.Abstractions.dll"
      ],
      "Path": "C:\\Users\\REVATHISADAGOPURAM\\.nuget\\packages\\system.io.abstractions\\3.0.10"
    },
    {
      "Package": {
        "Id": "System.Threading.Tasks.Dataflow",
        "Version": "4.10.0"
      },
      "Assemblies": [
        "C:\\Users\\REVATHISADAGOPURAM\\.nuget\\packages\\system.threading.tasks.dataflow\\4.10.0\\lib\\netstandard2.0\\System.Threading.Tasks.Dataflow.dll"
      ],
      "Path": "C:\\Users\\REVATHISADAGOPURAM\\.nuget\\packages\\system.threading.tasks.dataflow\\4.10.0"
    },
    {
      "Package": {
        "Id": "System.ValueTuple",
        "Version": "4.5.0"
      },
      "Assemblies": [
        "C:\\Users\\REVATHISADAGOPURAM\\.nuget\\packages\\system.valuetuple\\4.5.0\\lib\\net461\\System.ValueTuple.dll"
      ],
      "Path": "C:\\Users\\REVATHISADAGOPURAM\\.nuget\\packages\\system.valuetuple\\4.5.0"
    },
    {
      "Package": {
        "Id": "UiPath",
        "Version": "20.6.7473.25550-preview"
      },
      "Assemblies": [
        "C:\\Users\\REVATHISADAGOPURAM\\.nuget\\packages\\uipath\\20.6.7473.25550-preview\\lib\\UiPath.Interop.dll"
      ],
      "Path": "C:\\Users\\REVATHISADAGOPURAM\\.nuget\\packages\\uipath\\20.6.7473.25550-preview"
    },
    {
      "Package": {
        "Id": "UiPath.Excel.Activities",
        "Version": "2.9.0-preview"
      },
      "Assemblies": [
        "C:\\Users\\REVATHISADAGOPURAM\\.nuget\\packages\\uipath.excel.activities\\2.9.0-preview\\lib\\net461\\UiPath.Excel.Activities.Design.dll",
        "C:\\Users\\REVATHISADAGOPURAM\\.nuget\\packages\\uipath.excel.activities\\2.9.0-preview\\lib\\net461\\UiPath.Excel.Activities.dll",
        "C:\\Users\\REVATHISADAGOPURAM\\.nuget\\packages\\uipath.excel.activities\\2.9.0-preview\\lib\\net461\\UiPath.Excel.dll"
      ],
      "Path": "C:\\Users\\REVATHISADAGOPURAM\\.nuget\\packages\\uipath.excel.activities\\2.9.0-preview"
    },
    {
      "Package": {
        "Id": "UiPath.GSuite.Activities",
        "Version": "1.6.0"
      },
      "Assemblies": [
        "C:\\Users\\REVATHISADAGOPURAM\\.nuget\\packages\\uipath.gsuite.activities\\1.6.0\\lib\\net461\\UiPath.GSuite.Activities.Design.dll",
        "C:\\Users\\REVATHISADAGOPURAM\\.nuget\\packages\\uipath.gsuite.activities\\1.6.0\\lib\\net461\\UiPath.GSuite.Activities.dll",
        "C:\\Users\\REVATHISADAGOPURAM\\.nuget\\packages\\uipath.gsuite.activities\\1.6.0\\lib\\net461\\UiPath.GSuite.dll",
        "C:\\Users\\REVATHISADAGOPURAM\\.nuget\\packages\\uipath.gsuite.activities\\1.6.0\\lib\\net461\\UiPath.Orchestrator.dll"
      ],
      "Path": "C:\\Users\\REVATHISADAGOPURAM\\.nuget\\packages\\uipath.gsuite.activities\\1.6.0"
    },
    {
      "Package": {
        "Id": "UiPath.Mail.Activities",
        "Version": "1.9.0-preview"
      },
      "Assemblies": [
        "C:\\Users\\REVATHISADAGOPURAM\\.nuget\\packages\\uipath.mail.activities\\1.9.0-preview\\lib\\net461\\MailKit.dll",
        "C:\\Users\\REVATHISADAGOPURAM\\.nuget\\packages\\uipath.mail.activities\\1.9.0-preview\\lib\\net461\\MimeKit.dll",
        "C:\\Users\\REVATHISADAGOPURAM\\.nuget\\packages\\uipath.mail.activities\\1.9.0-preview\\lib\\net461\\UiPath.Mail.Activities.Design.dll",
        "C:\\Users\\REVATHISADAGOPURAM\\.nuget\\packages\\uipath.mail.activities\\1.9.0-preview\\lib\\net461\\UiPath.Mail.Activities.dll",
        "C:\\Users\\REVATHISADAGOPURAM\\.nuget\\packages\\uipath.mail.activities\\1.9.0-preview\\lib\\net461\\UiPath.Mail.dll"
      ],
      "Path": "C:\\Users\\REVATHISADAGOPURAM\\.nuget\\packages\\uipath.mail.activities\\1.9.0-preview"
    },
    {
      "Package": {
        "Id": "UiPath.OCR.Contracts",
        "Version": "2.7.1-preview"
      },
      "Assemblies": [
        "C:\\Users\\REVATHISADAGOPURAM\\.nuget\\packages\\uipath.ocr.contracts\\2.7.1-preview\\lib\\net461\\UiPath.OCR.Contracts.dll"
      ],
      "Path": "C:\\Users\\REVATHISADAGOPURAM\\.nuget\\packages\\uipath.ocr.contracts\\2.7.1-preview"
    },
    {
      "Package": {
        "Id": "UiPath.OmniPage.Activities",
        "Version": "1.6.1-preview"
      },
      "Assemblies": [
        "C:\\Users\\REVATHISADAGOPURAM\\.nuget\\packages\\uipath.omnipage.activities\\1.6.1-preview\\lib\\net461\\UiPath.OmniPage.Activities.Design.dll",
        "C:\\Users\\REVATHISADAGOPURAM\\.nuget\\packages\\uipath.omnipage.activities\\1.6.1-preview\\lib\\net461\\UiPath.OmniPage.Activities.dll",
        "C:\\Users\\REVATHISADAGOPURAM\\.nuget\\packages\\uipath.omnipage.activities\\1.6.1-preview\\lib\\net461\\UiPath.OmniPage.Host32.exe",
        "C:\\Users\\REVATHISADAGOPURAM\\.nuget\\packages\\uipath.omnipage.activities\\1.6.1-preview\\lib\\net461\\UiPath.Vision.OmniPage.Core.dll",
        "C:\\Users\\REVATHISADAGOPURAM\\.nuget\\packages\\uipath.omnipage.activities\\1.6.1-preview\\lib\\net461\\UiPath.Vision.OmniPage.dll"
      ],
      "Path": "C:\\Users\\REVATHISADAGOPURAM\\.nuget\\packages\\uipath.omnipage.activities\\1.6.1-preview"
    },
    {
      "Package": {
        "Id": "UiPath.OmniPage.Bundle",
        "Version": "1.0.2"
      },
      "Assemblies": [
        "C:\\Users\\REVATHISADAGOPURAM\\.nuget\\packages\\uipath.omnipage.bundle\\1.0.2\\lib\\net452\\Nuance.OmniPage.CSDK.ArgTypes.dll",
        "C:\\Users\\REVATHISADAGOPURAM\\.nuget\\packages\\uipath.omnipage.bundle\\1.0.2\\lib\\net452\\Nuance.OmniPage.CSDK.CAPI.dll",
        "C:\\Users\\REVATHISADAGOPURAM\\.nuget\\packages\\uipath.omnipage.bundle\\1.0.2\\lib\\net452\\Nuance.OmniPage.CSDK.Objects.dll"
      ],
      "Path": "C:\\Users\\REVATHISADAGOPURAM\\.nuget\\packages\\uipath.omnipage.bundle\\1.0.2"
    },
    {
      "Package": {
        "Id": "UiPath.PDF.Activities",
        "Version": "3.2.2"
      },
      "Assemblies": [
        "C:\\Users\\REVATHISADAGOPURAM\\.nuget\\packages\\uipath.pdf.activities\\3.2.2\\lib\\net461\\UiPath.PDF.Activities.Design.dll",
        "C:\\Users\\REVATHISADAGOPURAM\\.nuget\\packages\\uipath.pdf.activities\\3.2.2\\lib\\net461\\UiPath.PDF.Activities.dll",
        "C:\\Users\\REVATHISADAGOPURAM\\.nuget\\packages\\uipath.pdf.activities\\3.2.2\\lib\\net461\\UiPath.PDF.dll"
      ],
      "Path": "C:\\Users\\REVATHISADAGOPURAM\\.nuget\\packages\\uipath.pdf.activities\\3.2.2"
    },
    {
      "Package": {
        "Id": "UiPath.Platform",
        "Version": "20.4.0"
      },
      "Assemblies": [
        "C:\\Users\\REVATHISADAGOPURAM\\.nuget\\packages\\uipath.platform\\20.4.0\\lib\\net461\\UiPath.Platform.dll"
      ],
      "Path": "C:\\Users\\REVATHISADAGOPURAM\\.nuget\\packages\\uipath.platform\\20.4.0"
    },
    {
      "Package": {
        "Id": "UiPath.System.Activities",
        "Version": "20.6.1-preview"
      },
      "Assemblies": [
        "C:\\Users\\REVATHISADAGOPURAM\\.nuget\\packages\\uipath.system.activities\\20.6.1-preview\\lib\\net461\\ActiproSoftware.Docking.Wpf.dll",
        "C:\\Users\\REVATHISADAGOPURAM\\.nuget\\packages\\uipath.system.activities\\20.6.1-preview\\lib\\net461\\ActiproSoftware.Ribbon.Wpf.dll",
        "C:\\Users\\REVATHISADAGOPURAM\\.nuget\\packages\\uipath.system.activities\\20.6.1-preview\\lib\\net461\\ActiproSoftware.Shared.Wpf.dll",
        "C:\\Users\\REVATHISADAGOPURAM\\.nuget\\packages\\uipath.system.activities\\20.6.1-preview\\lib\\net461\\ActiproSoftware.SyntaxEditor.Addons.DotNet.Wpf.dll",
        "C:\\Users\\REVATHISADAGOPURAM\\.nuget\\packages\\uipath.system.activities\\20.6.1-preview\\lib\\net461\\ActiproSoftware.SyntaxEditor.Wpf.dll",
        "C:\\Users\\REVATHISADAGOPURAM\\.nuget\\packages\\uipath.system.activities\\20.6.1-preview\\lib\\net461\\ActiproSoftware.Text.Addons.DotNet.Wpf.dll",
        "C:\\Users\\REVATHISADAGOPURAM\\.nuget\\packages\\uipath.system.activities\\20.6.1-preview\\lib\\net461\\ActiproSoftware.Text.LLParser.Wpf.dll",
        "C:\\Users\\REVATHISADAGOPURAM\\.nuget\\packages\\uipath.system.activities\\20.6.1-preview\\lib\\net461\\ActiproSoftware.Text.Wpf.dll",
        "C:\\Users\\REVATHISADAGOPURAM\\.nuget\\packages\\uipath.system.activities\\20.6.1-preview\\lib\\net461\\ActiproSoftware.Wizard.Wpf.dll",
        "C:\\Users\\REVATHISADAGOPURAM\\.nuget\\packages\\uipath.system.activities\\20.6.1-preview\\lib\\net461\\CustomInputForm.exe",
        "C:\\Users\\REVATHISADAGOPURAM\\.nuget\\packages\\uipath.system.activities\\20.6.1-preview\\lib\\net461\\UiPath.OrchestratorClient.dll",
        "C:\\Users\\REVATHISADAGOPURAM\\.nuget\\packages\\uipath.system.activities\\20.6.1-preview\\lib\\net461\\UiPath.System.Activities.Design.dll",
        "C:\\Users\\REVATHISADAGOPURAM\\.nuget\\packages\\uipath.system.activities\\20.6.1-preview\\lib\\net461\\UiPath.System.Activities.dll"
      ],
      "Path": "C:\\Users\\REVATHISADAGOPURAM\\.nuget\\packages\\uipath.system.activities\\20.6.1-preview"
    },
    {
      "Package": {
        "Id": "UiPath.Telemetry.Client",
        "Version": "1.2.20"
      },
      "Assemblies": [
        "C:\\Users\\REVATHISADAGOPURAM\\.nuget\\packages\\uipath.telemetry.client\\1.2.20\\lib\\net461\\TelemetryClient.dll"
      ],
      "Path": "C:\\Users\\REVATHISADAGOPURAM\\.nuget\\packages\\uipath.telemetry.client\\1.2.20"
    },
    {
      "Package": {
        "Id": "UiPath.UIAutomation.Activities",
        "Version": "20.6.0-preview"
      },
      "Assemblies": [
        "C:\\Users\\REVATHISADAGOPURAM\\.nuget\\packages\\uipath.uiautomation.activities\\20.6.0-preview\\lib\\net461\\ActiproSoftware.DataGrid.Contrib.Wpf.dll",
        "C:\\Users\\REVATHISADAGOPURAM\\.nuget\\packages\\uipath.uiautomation.activities\\20.6.0-preview\\lib\\net461\\ActiproSoftware.Docking.Wpf.dll",
        "C:\\Users\\REVATHISADAGOPURAM\\.nuget\\packages\\uipath.uiautomation.activities\\20.6.0-preview\\lib\\net461\\ActiproSoftware.Editors.Wpf.dll",
        "C:\\Users\\REVATHISADAGOPURAM\\.nuget\\packages\\uipath.uiautomation.activities\\20.6.0-preview\\lib\\net461\\ActiproSoftware.Ribbon.Wpf.dll",
        "C:\\Users\\REVATHISADAGOPURAM\\.nuget\\packages\\uipath.uiautomation.activities\\20.6.0-preview\\lib\\net461\\ActiproSoftware.Shared.Wpf.dll",
        "C:\\Users\\REVATHISADAGOPURAM\\.nuget\\packages\\uipath.uiautomation.activities\\20.6.0-preview\\lib\\net461\\ActiproSoftware.SyntaxEditor.Addons.DotNet.Wpf.dll",
        "C:\\Users\\REVATHISADAGOPURAM\\.nuget\\packages\\uipath.uiautomation.activities\\20.6.0-preview\\lib\\net461\\ActiproSoftware.SyntaxEditor.Wpf.dll",
        "C:\\Users\\REVATHISADAGOPURAM\\.nuget\\packages\\uipath.uiautomation.activities\\20.6.0-preview\\lib\\net461\\ActiproSoftware.Text.Addons.DotNet.Wpf.dll",
        "C:\\Users\\REVATHISADAGOPURAM\\.nuget\\packages\\uipath.uiautomation.activities\\20.6.0-preview\\lib\\net461\\ActiproSoftware.Text.LLParser.Wpf.dll",
        "C:\\Users\\REVATHISADAGOPURAM\\.nuget\\packages\\uipath.uiautomation.activities\\20.6.0-preview\\lib\\net461\\ActiproSoftware.Text.Wpf.dll",
        "C:\\Users\\REVATHISADAGOPURAM\\.nuget\\packages\\uipath.uiautomation.activities\\20.6.0-preview\\lib\\net461\\ActiproSoftware.Wizard.Wpf.dll",
        "C:\\Users\\REVATHISADAGOPURAM\\.nuget\\packages\\uipath.uiautomation.activities\\20.6.0-preview\\lib\\net461\\UiPath.CV.Activities.Design.dll",
        "C:\\Users\\REVATHISADAGOPURAM\\.nuget\\packages\\uipath.uiautomation.activities\\20.6.0-preview\\lib\\net461\\UiPath.CV.Activities.dll",
        "C:\\Users\\REVATHISADAGOPURAM\\.nuget\\packages\\uipath.uiautomation.activities\\20.6.0-preview\\lib\\net461\\UiPath.CV.dll",
        "C:\\Users\\REVATHISADAGOPURAM\\.nuget\\packages\\uipath.uiautomation.activities\\20.6.0-preview\\lib\\net461\\UiPath.UIAutomation.Activities.Design.dll",
        "C:\\Users\\REVATHISADAGOPURAM\\.nuget\\packages\\uipath.uiautomation.activities\\20.6.0-preview\\lib\\net461\\UiPath.UiAutomation.Activities.dll",
        "C:\\Users\\REVATHISADAGOPURAM\\.nuget\\packages\\uipath.uiautomation.activities\\20.6.0-preview\\lib\\net461\\UiPath.Wizards.dll"
      ],
      "Path": "C:\\Users\\REVATHISADAGOPURAM\\.nuget\\packages\\uipath.uiautomation.activities\\20.6.0-preview"
    },
    {
      "Package": {
        "Id": "UiPath.Vision",
        "Version": "2.1.0-preview"
      },
      "Assemblies": [
        "C:\\Users\\REVATHISADAGOPURAM\\.nuget\\packages\\uipath.vision\\2.1.0-preview\\lib\\net461\\UiPath.Vision.Core.dll",
        "C:\\Users\\REVATHISADAGOPURAM\\.nuget\\packages\\uipath.vision\\2.1.0-preview\\lib\\net461\\UiPath.Vision.dll"
      ],
      "Path": "C:\\Users\\REVATHISADAGOPURAM\\.nuget\\packages\\uipath.vision\\2.1.0-preview"
    },
    {
      "Package": {
        "Id": "UiPath.Word.Activities",
        "Version": "1.5.3-beta.1159735"
      },
      "Assemblies": [
        "C:\\Users\\REVATHISADAGOPURAM\\.nuget\\packages\\uipath.word.activities\\1.5.3-beta.1159735\\lib\\net461\\UiPath.Word.Activities.Design.dll",
        "C:\\Users\\REVATHISADAGOPURAM\\.nuget\\packages\\uipath.word.activities\\1.5.3-beta.1159735\\lib\\net461\\UiPath.Word.Activities.dll",
        "C:\\Users\\REVATHISADAGOPURAM\\.nuget\\packages\\uipath.word.activities\\1.5.3-beta.1159735\\lib\\net461\\UiPath.Word.dll"
      ],
      "Path": "C:\\Users\\REVATHISADAGOPURAM\\.nuget\\packages\\uipath.word.activities\\1.5.3-beta.1159735"
    }
  ]
}